{"loss": [0.7030217364488245, 0.3971704690404285, 0.31637375878261637, 0.27837287192144483, 0.25900932602415916, 0.24425216452334725, 0.22527943502160627, 0.2188147815570546, 0.21105478490439425, 0.20377388078057593, 0.1969444902812519, 0.19451349777773583, 0.18867022158444194, 0.1881526984512501, 0.1829058849642147, 0.17783611482115144, 0.17465700534041947, 0.17215199923715577, 0.16662975407004296, 0.16627749558972596, 0.1635074250938708, 0.1616119083887896, 0.15796343753316117, 0.15573327503220427, 0.1549174298301076, 0.1502053752043148, 0.15487957547444067], "accuracy": [0.7538149356842041, 0.8673650026321411, 0.8978981971740723, 0.9120748043060303, 0.919190526008606, 0.924235999584198, 0.9290894865989685, 0.9316807389259338, 0.9339703917503357, 0.9366850852966309, 0.9384674429893494, 0.9398384690284729, 0.9405925869941711, 0.9407982230186462, 0.9434443712234497, 0.9442669749259949, 0.9438145160675049, 0.9462549686431885, 0.9464606642723083, 0.9482978582382202, 0.9487640261650085, 0.9503406882286072, 0.9505326747894287, 0.9496688842773438, 0.9508068561553955, 0.952095627784729, 0.9518625736236572], "val_loss": [0.47024684659897426, 0.5719747519289216, 0.34487129527454957, 0.287807236061982, 0.3642768277272466, 0.3268857262567332, 0.2636995543965061, 0.2845412667821393, 0.303166101074527, 0.33047539623263944, 0.2783189746340127, 0.2807449600880322, 0.30932088339117897, 0.27082038899360533, 0.34896695367571356, 0.2974491030420043, 0.2562368666833007, 0.3086056380567825, 0.2684172933928753, 0.28971746919665503, 0.34085470582887123, 0.29013996060805014, 0.34845520231862576, 0.28994029296932905, 0.26449022916782455, 0.3130431541822862, 0.2953193205659068], "val_accuracy": [0.8290693163871765, 0.8191817998886108, 0.8859226107597351, 0.9037202000617981, 0.8783833980560303, 0.8972932696342468, 0.8961809277534485, 0.9006303548812866, 0.9026078581809998, 0.8866642117500305, 0.9001359343528748, 0.9071808457374573, 0.8935854434967041, 0.9060684442520142, 0.8853046298027039, 0.9026078581809998, 0.9048325419425964, 0.8892596960067749, 0.9028550386428833, 0.9024842381477356, 0.8883945345878601, 0.8971697092056274, 0.900753915309906, 0.9056977033615112, 0.9089111089706421, 0.8859226107597351, 0.8991472125053406]}