{"loss": [0.10886040735782412, 0.035477094640814756, 0.025626856630492266, 0.019658633569231195, 0.017967681923901028, 0.01475418609981487, 0.009975200759002259, 0.01148033729637548, 0.00899469962633019, 0.010484208432008688, 0.006634912260669939, 0.006743810799261561, 0.004290546047986313, 0.005872787458991783, 0.005255709298946326], "accuracy": [0.9656021595001221, 0.9905943274497986, 0.9924754500389099, 0.9946701526641846, 0.9954763054847717, 0.9952971935272217, 0.997178316116333, 0.9964616894721985, 0.9973126649856567, 0.9974022507667542, 0.9980740547180176, 0.9978501200675964, 0.9984771609306335, 0.9983428120613098, 0.9983875751495361], "val_loss": [0.03553568555271807, 0.029571470406993355, 0.014149490233369132, 0.031170202673454474, 0.010338862582184213, 0.019525678812942423, 0.046713177313356426, 0.01865740084859879, 0.02626575467941705, 0.0139814878823647, 0.010762642385893391, 0.011425383525579199, 0.01600568742322185, 0.014111826216613292, 0.015214627236422492], "val_accuracy": [0.9903225898742676, 0.9927419424057007, 0.9947580695152283, 0.9887096881866455, 0.9959677457809448, 0.9931451678276062, 0.9846774339675903, 0.9951612949371338, 0.9911290407180786, 0.9955645203590393, 0.9963709712028503, 0.9967741966247559, 0.9967741966247559, 0.9955645203590393, 0.9951612949371338]}