{"loss": [-661818638336.0, -25822654103552.0, -172387253354496.0, -605500060205056.0, -1555752313421824.0, -3322717159817216.0, -6289487294365696.0, -1.0937124555587584e+16, -1.7812226882666496e+16, -2.7602945210056704e+16, -4.109291564826624e+16, -5.915398756735386e+16, -8.28538876896215e+16, -1.1328939174867763e+17, -1.5176713617014784e+17, -1.997126463693783e+17, -2.5873767754366976e+17, -3.305362506939105e+17, -4.1710032011237786e+17, -5.203145689881641e+17, -6.425352163798548e+17, -7.862899708002304e+17, -9.542392037119099e+17, -1.1491595942918881e+18, -1.373918119109591e+18, -1.6315515605614592e+18, -1.9257979145845473e+18, -2.2606228447423365e+18, -2.6392877774007173e+18, -3.066980483297444e+18, -3.5470519989960704e+18, -4.0841422635658117e+18, -4.683654552023466e+18, -5.350578173257974e+18, -6.09043899783263e+18, -6.908161738328244e+18, -7.810181836302189e+18, -8.802889103579283e+18, -9.894144498542313e+18, -1.108900027712091e+19, -1.2394043613477077e+19, -1.381831469221439e+19, -1.53690318071692e+19, -1.7052826112968622e+19, -1.888050360989044e+19, -2.086029084393367e+19, -2.30005869844229e+19, -2.5312958893682328e+19, -2.7809499000594235e+19, -3.049160808297241e+19], "accuracy": [0.09871666878461838, 0.09871666878461838, 0.09871666878461838, 0.09871666878461838, 0.09871666878461838, 0.09871666878461838, 0.09871666878461838, 0.09871666878461838, 0.09871666878461838, 0.09871666878461838, 0.09871666878461838, 0.09871666878461838, 0.09871666878461838, 0.09871666878461838, 0.09871666878461838, 0.09871666878461838, 0.09871666878461838, 0.09871666878461838, 0.09871666878461838, 0.09871666878461838, 0.09871666878461838, 0.09871666878461838, 0.09871666878461838, 0.09871666878461838, 0.09871666878461838, 0.09871666878461838, 0.09871666878461838, 0.09871666878461838, 0.09871666878461838, 0.09871666878461838, 0.09871666878461838, 0.09871666878461838, 0.09871666878461838, 0.09871666878461838, 0.09871666878461838, 0.09871666878461838, 0.09871666878461838, 0.09871666878461838, 0.09871666878461838, 0.09871666878461838, 0.09871666878461838, 0.09871666878461838, 0.09871666878461838, 0.09871666878461838, 0.09871666878461838, 0.09871666878461838, 0.09871666878461838, 0.09871666878461838, 0.09871666878461838, 0.09871666878461838], "val_loss": [-3747418210304.0, -68076166971392.0, -329130188996608.0, -985660836020224.0, -2307952484548608.0, -4635002004307968.0, -8405786795442176.0, -1.4154570456367104e+16, -2.247183797583872e+16, -3.414173656547328e+16, -4.998221805073203e+16, -7.094473365179597e+16, -9.823229297085645e+16, -1.3291945387569971e+17, -1.7648264573406413e+17, -2.304640624529244e+17, -2.964563723949179e+17, -3.764180462872822e+17, -4.723518789197496e+17, -5.86168821501395e+17, -7.206483707077591e+17, -8.781520369971364e+17, -1.0617706849941586e+18, -1.2740437055226511e+18, -1.5181822910110106e+18, -1.7973908993789133e+18, -2.1153614157945242e+18, -2.476787655396819e+18, -2.8846108117900984e+18, -3.3444950191248507e+18, -3.85932539591236e+18, -4.434885373314728e+18, -5.075374261116338e+18, -5.788949610961568e+18, -6.576987186774671e+18, -7.448707493066179e+18, -8.407787296719372e+18, -9.462898445942522e+18, -1.0621297717478949e+19, -1.188814841793269e+19, -1.326965729044254e+19, -1.4777904669262873e+19, -1.6415494197928264e+19, -1.8195985053832446e+19, -2.0123187044765663e+19, -2.221230531702843e+19, -2.4465831363969286e+19, -2.6903138580469645e+19, -2.9528233586901123e+19, -3.2349532045262717e+19], "val_accuracy": [0.09799999743700027, 0.09799999743700027, 0.09799999743700027, 0.09799999743700027, 0.09799999743700027, 0.09799999743700027, 0.09799999743700027, 0.09799999743700027, 0.09799999743700027, 0.09799999743700027, 0.09799999743700027, 0.09799999743700027, 0.09799999743700027, 0.09799999743700027, 0.09799999743700027, 0.09799999743700027, 0.09799999743700027, 0.09799999743700027, 0.09799999743700027, 0.09799999743700027, 0.09799999743700027, 0.09799999743700027, 0.09799999743700027, 0.09799999743700027, 0.09799999743700027, 0.09799999743700027, 0.09799999743700027, 0.09799999743700027, 0.09799999743700027, 0.09799999743700027, 0.09799999743700027, 0.09799999743700027, 0.09799999743700027, 0.09799999743700027, 0.09799999743700027, 0.09799999743700027, 0.09799999743700027, 0.09799999743700027, 0.09799999743700027, 0.09799999743700027, 0.09799999743700027, 0.09799999743700027, 0.09799999743700027, 0.09799999743700027, 0.09799999743700027, 0.09799999743700027, 0.09799999743700027, 0.09799999743700027, 0.09799999743700027, 0.09799999743700027]}