{"loss": [0.04960701987147331, 0.009631767868995667, 0.00746140768751502, 0.006721846759319305, 0.0044350940734148026, 0.005316111259162426, 0.004121216479688883, 0.002489690203219652, 0.004077764693647623, 0.003314428497105837, 0.002482193522155285], "accuracy": [0.9884677529335022, 0.9966940879821777, 0.9977704286575317, 0.997539758682251, 0.9981548190116882, 0.9979242086410522, 0.9982317090034485, 0.9990774393081665, 0.9986161589622498, 0.9990005493164062, 0.9991543292999268], "val_loss": [0.014578736387193203, 0.006597070023417473, 0.005525039508938789, 0.00504324259236455, 0.005289092659950256, 0.00503991125151515, 0.00982409343123436, 0.007658804766833782, 0.008733646012842655, 0.008601052686572075, 0.006925970781594515], "val_accuracy": [0.9935275316238403, 0.9981507062911987, 0.9972260594367981, 0.9976884126663208, 0.9972260594367981, 0.9972260594367981, 0.9981507062911987, 0.9967637658119202, 0.9976884126663208, 0.9976884126663208, 0.9976884126663208]}