{"loss": [0.6907356381416321, 0.5876867175102234, 0.5371076464653015, 0.5226487517356873, 0.49900132417678833, 0.47978436946868896, 0.45133668184280396, 0.4356001317501068, 0.41857361793518066, 0.39518317580223083, 0.3828371465206146, 0.3629813492298126, 0.33605533838272095, 0.3408747613430023, 0.3104580342769623, 0.30797746777534485, 0.2855019271373749, 0.2609216570854187, 0.2259257733821869, 0.23695483803749084, 0.2894937992095947, 0.2736892104148865, 0.23548242449760437, 0.18880422413349152, 0.17276330292224884, 0.1741081178188324, 0.1634688526391983, 0.1523069590330124, 0.15049926936626434, 0.17209748923778534, 0.13700759410858154, 0.12821315228939056, 0.1083293929696083, 0.12183766067028046, 0.11893809586763382, 0.09881296753883362, 0.12174639850854874, 0.1567647010087967, 0.10771684348583221, 0.09354393184185028, 0.12056024372577667, 0.13954873383045197, 0.10858746618032455, 0.0834830105304718, 0.08152439445257187, 0.09137817472219467, 0.06979569792747498, 0.06839849054813385, 0.062135327607393265, 0.05515890195965767], "accuracy": [0.581818163394928, 0.675000011920929, 0.7488636374473572, 0.7568181753158569, 0.762499988079071, 0.7715908885002136, 0.7840909361839294, 0.7988636493682861, 0.8079545497894287, 0.8272727131843567, 0.8261363506317139, 0.8272727131843567, 0.8545454740524292, 0.8443182110786438, 0.8602272868156433, 0.8511363863945007, 0.8727272748947144, 0.8886363506317139, 0.9147727489471436, 0.894318163394928, 0.8659090995788574, 0.8738636374473572, 0.9090909361839294, 0.9227272868156433, 0.925000011920929, 0.9261363744735718, 0.9261363744735718, 0.9420454502105713, 0.9420454502105713, 0.9318181872367859, 0.949999988079071, 0.9511363506317139, 0.9579545259475708, 0.9534090757369995, 0.9511363506317139, 0.9636363387107849, 0.9465909004211426, 0.9375, 0.9613636136054993, 0.9670454263687134, 0.9579545259475708, 0.9386363625526428, 0.956818163394928, 0.9670454263687134, 0.9681817889213562, 0.9590908885002136, 0.9715909361839294, 0.9738636612892151, 0.9761363863945007, 0.9818181991577148], "val_loss": [0.6493056416511536, 0.6263598203659058, 0.6146383881568909, 0.5900458693504333, 0.5601851940155029, 0.5642133951187134, 0.4878399968147278, 0.47556644678115845, 0.4864872097969055, 0.40862640738487244, 0.46550238132476807, 0.3715537190437317, 0.3369343876838684, 0.34616535902023315, 0.31757453083992004, 0.303623229265213, 0.2851899564266205, 0.24014812707901, 0.4116142988204956, 0.31020116806030273, 0.23497779667377472, 0.25866326689720154, 0.2042926847934723, 0.18779459595680237, 0.2228248566389084, 0.21369445323944092, 0.15341782569885254, 0.2102569341659546, 0.21967144310474396, 0.13853971660137177, 0.1338217854499817, 0.14984993636608124, 0.134343221783638, 0.11858998239040375, 0.11985256522893906, 0.12846913933753967, 0.08604220300912857, 0.12359756976366043, 0.12294016033411026, 0.09825694561004639, 0.1739950031042099, 0.10926446318626404, 0.07431058585643768, 0.09763320535421371, 0.16538311541080475, 0.08626367896795273, 0.06741145998239517, 0.1889723837375641, 0.05741754174232483, 0.07082521170377731], "val_accuracy": [0.6181818246841431, 0.6727272868156433, 0.6863636374473572, 0.6636363863945007, 0.6909090876579285, 0.7045454382896423, 0.7409090995788574, 0.7545454502105713, 0.7681818008422852, 0.8181818127632141, 0.7863636612892151, 0.8545454740524292, 0.8590909242630005, 0.8590909242630005, 0.8727272748947144, 0.8818181753158569, 0.8681818246841431, 0.9045454263687134, 0.800000011920929, 0.8727272748947144, 0.9136363863945007, 0.8727272748947144, 0.918181836605072, 0.9227272868156433, 0.9090909361839294, 0.9136363863945007, 0.9545454382896423, 0.9045454263687134, 0.9136363863945007, 0.949999988079071, 0.9454545378684998, 0.9318181872367859, 0.9363636374473572, 0.9363636374473572, 0.9454545378684998, 0.9409090876579285, 0.9590908885002136, 0.949999988079071, 0.9318181872367859, 0.9590908885002136, 0.918181836605072, 0.9454545378684998, 0.9863636493682861, 0.9772727489471436, 0.9227272868156433, 0.9727272987365723, 0.9636363387107849, 0.8999999761581421, 0.9681817889213562, 0.9590908885002136]}